Workbook

Sheet Sheet1
D1: Present | E1: =COUNTIF(E5:E24,"P") -> 7 | F1: =COUNTIF(F5:F24,"P") -> 17 | G1: =COUNTIF(G5:G24,"P") -> 3 | H1: =COUNTIF(H5:H24,"P") -> 4 | I1: =COUNTIF(I5:I24,"P") -> 2
D2: Absent | E2: =COUNTIF(E5:E24,"A") -> 13 | F2: =COUNTIF(F5:F24,"A") -> 3 | G2: =COUNTIF(G5:G24,"A") -> 17 | H2: =COUNTIF(H5:H24,"A") -> 16 | I2: =COUNTIF(I5:I24,"A") -> 18
A4: S.No. | B4: Name | C4: Id No. | D4: Attendence% | E4: 46129 | F4: 46130 | G4: 46131 | H4: 46132 | I4: 46133
A5: 1 | B5: Sagar | C5: 1001 | D5: =(COUNTIF(E5:I5,"P")/COUNTA(E5:I5))*100 -> 0 | E5: {=IF(NOT(ISBLANK(C5)),IFERROR(INDEX(Sheet2!A:A,MATCH(C5,Sheet2!C:C,0)),"A"),"")} -> A | F5: {=IF(NOT(ISBLANK(C5)),IFERROR(INDEX(Sheet2!A:A,MATCH(C5,Sheet2!D:D,0)),"A"),"")} -> A | G5: {=IF(NOT(ISBLANK(C5)),IFERROR(INDEX(Sheet2!A:A,MATCH(C5,Sheet2!E:E,0)),"A"),"")} -> A | H5: {=IF(NOT(ISBLANK(C5)),IFERROR(INDEX(Sheet2!A:A,MATCH(C5,Sheet2!F:F,0)),"A"),"")} -> A | I5: {=IF(NOT(ISBLANK(C5)),IFERROR(INDEX(Sheet2!A:A,MATCH(C5,Sheet2!G:G,0)),"A"),"")} -> A
A6: 2 | B6: Saurabh | C6: 1002 | D6: =(COUNTIF(E6:I6,"P")/COUNTA(E6:I6))*100 -> 20 | E6: {=IF(NOT(ISBLANK(C6)),IFERROR(INDEX(Sheet2!A:A,MATCH(C6,Sheet2!C:C,0)),"A"),"")} -> P | F6: {=IF(NOT(ISBLANK(C6)),IFERROR(INDEX(Sheet2!A:A,MATCH(C6,Sheet2!D:D,0)),"A"),"")} -> A | G6: {=IF(NOT(ISBLANK(C6)),IFERROR(INDEX(Sheet2!A:A,MATCH(C6,Sheet2!E:E,0)),"A"),"")} -> A | H6: {=IF(NOT(ISBLANK(C6)),IFERROR(INDEX(Sheet2!A:A,MATCH(C6,Sheet2!F:F,0)),"A"),"")} -> A | I6: {=IF(NOT(ISBLANK(C6)),IFERROR(INDEX(Sheet2!A:A,MATCH(C6,Sheet2!G:G,0)),"A"),"")} -> A
A7: 3 | B7: Sandeep | C7: 1003 | D7: =(COUNTIF(E7:I7,"P")/COUNTA(E7:I7))*100 -> 80 | E7: {=IF(NOT(ISBLANK(C7)),IFERROR(INDEX(Sheet2!A:A,MATCH(C7,Sheet2!C:C,0)),"A"),"")} -> P | F7: {=IF(NOT(ISBLANK(C7)),IFERROR(INDEX(Sheet2!A:A,MATCH(C7,Sheet2!D:D,0)),"A"),"")} -> A | G7: {=IF(NOT(ISBLANK(C7)),IFERROR(INDEX(Sheet2!A:A,MATCH(C7,Sheet2!E:E,0)),"A"),"")} -> P | H7: {=IF(NOT(ISBLANK(C7)),IFERROR(INDEX(Sheet2!A:A,MATCH(C7,Sheet2!F:F,0)),"A"),"")} -> P | I7: {=IF(NOT(ISBLANK(C7)),IFERROR(INDEX(Sheet2!A:A,MATCH(C7,Sheet2!G:G,0)),"A"),"")} -> P
A8: 4 | B8: Rashid | C8: 1004 | D8: =(COUNTIF(E8:I8,"P")/COUNTA(E8:I8))*100 -> 20 | E8: {=IF(NOT(ISBLANK(C8)),IFERROR(INDEX(Sheet2!A:A,MATCH(C8,Sheet2!C:C,0)),"A"),"")} -> A | F8: {=IF(NOT(ISBLANK(C8)),IFERROR(INDEX(Sheet2!A:A,MATCH(C8,Sheet2!D:D,0)),"A"),"")} -> P | G8: {=IF(NOT(ISBLANK(C8)),IFERROR(INDEX(Sheet2!A:A,MATCH(C8,Sheet2!E:E,0)),"A"),"")} -> A | H8: {=IF(NOT(ISBLANK(C8)),IFERROR(INDEX(Sheet2!A:A,MATCH(C8,Sheet2!F:F,0)),"A"),"")} -> A | I8: {=IF(NOT(ISBLANK(C8)),IFERROR(INDEX(Sheet2!A:A,MATCH(C8,Sheet2!G:G,0)),"A"),"")} -> A
A9: 5 | B9: Rahim | C9: 1005 | D9: =(COUNTIF(E9:I9,"P")/COUNTA(E9:I9))*100 -> 40 | E9: {=IF(NOT(ISBLANK(C9)),IFERROR(INDEX(Sheet2!A:A,MATCH(C9,Sheet2!C:C,0)),"A"),"")} -> P | F9: {=IF(NOT(ISBLANK(C9)),IFERROR(INDEX(Sheet2!A:A,MATCH(C9,Sheet2!D:D,0)),"A"),"")} -> P | G9: {=IF(NOT(ISBLANK(C9)),IFERROR(INDEX(Sheet2!A:A,MATCH(C9,Sheet2!E:E,0)),"A"),"")} -> A | H9: {=IF(NOT(ISBLANK(C9)),IFERROR(INDEX(Sheet2!A:A,MATCH(C9,Sheet2!F:F,0)),"A"),"")} -> A | I9: {=IF(NOT(ISBLANK(C9)),IFERROR(INDEX(Sheet2!A:A,MATCH(C9,Sheet2!G:G,0)),"A"),"")} -> A
A10: 6 | B10: Rahul | C10: 1006 | D10: =(COUNTIF(E10:I10,"P")/COUNTA(E10:I10))*100 -> 20 | E10: {=IF(NOT(ISBLANK(C10)),IFERROR(INDEX(Sheet2!A:A,MATCH(C10,Sheet2!C:C,0)),"A"),"")} -> A | F10: {=IF(NOT(ISBLANK(C10)),IFERROR(INDEX(Sheet2!A:A,MATCH(C10,Sheet2!D:D,0)),"A"),"")} -> P | G10: {=IF(NOT(ISBLANK(C10)),IFERROR(INDEX(Sheet2!A:A,MATCH(C10,Sheet2!E:E,0)),"A"),"")} -> A | H10: {=IF(NOT(ISBLANK(C10)),IFERROR(INDEX(Sheet2!A:A,MATCH(C10,Sheet2!F:F,0)),"A"),"")} -> A | I10: {=IF(NOT(ISBLANK(C10)),IFERROR(INDEX(Sheet2!A:A,MATCH(C10,Sheet2!G:G,0)),"A"),"")} -> A
A11: 7 | B11: Manish | C11: 1007 | D11: =(COUNTIF(E11:I11,"P")/COUNTA(E11:I11))*100 -> 60 | E11: {=IF(NOT(ISBLANK(C11)),IFERROR(INDEX(Sheet2!A:A,MATCH(C11,Sheet2!C:C,0)),"A"),"")} -> P | F11: {=IF(NOT(ISBLANK(C11)),IFERROR(INDEX(Sheet2!A:A,MATCH(C11,Sheet2!D:D,0)),"A"),"")} -> P | G11: {=IF(NOT(ISBLANK(C11)),IFERROR(INDEX(Sheet2!A:A,MATCH(C11,Sheet2!E:E,0)),"A"),"")} -> A | H11: {=IF(NOT(ISBLANK(C11)),IFERROR(INDEX(Sheet2!A:A,MATCH(C11,Sheet2!F:F,0)),"A"),"")} -> A | I11: p
A12: 8 | B12: Asif | C12: 1008 | D12: =(COUNTIF(E12:I12,"P")/COUNTA(E12:I12))*100 -> 60 | E12: {=IF(NOT(ISBLANK(C12)),IFERROR(INDEX(Sheet2!A:A,MATCH(C12,Sheet2!C:C,0)),"A"),"")} -> P | F12: {=IF(NOT(ISBLANK(C12)),IFERROR(INDEX(Sheet2!A:A,MATCH(C12,Sheet2!D:D,0)),"A"),"")} -> P | G12: {=IF(NOT(ISBLANK(C12)),IFERROR(INDEX(Sheet2!A:A,MATCH(C12,Sheet2!E:E,0)),"A"),"")} -> A | H12: p | I12: {=IF(NOT(ISBLANK(C12)),IFERROR(INDEX(Sheet2!A:A,MATCH(C12,Sheet2!G:G,0)),"A"),"")} -> A
A13: 9 | B13: Anand | C13: 1009 | D13: =(COUNTIF(E13:I13,"P")/COUNTA(E13:I13))*100 -> 20 | E13: {=IF(NOT(ISBLANK(C13)),IFERROR(INDEX(Sheet2!A:A,MATCH(C13,Sheet2!C:C,0)),"A"),"")} -> A | F13: {=IF(NOT(ISBLANK(C13)),IFERROR(INDEX(Sheet2!A:A,MATCH(C13,Sheet2!D:D,0)),"A"),"")} -> P | G13: {=IF(NOT(ISBLANK(C13)),IFERROR(INDEX(Sheet2!A:A,MATCH(C13,Sheet2!E:E,0)),"A"),"")} -> A | H13: {=IF(NOT(ISBLANK(C13)),IFERROR(INDEX(Sheet2!A:A,MATCH(C13,Sheet2!F:F,0)),"A"),"")} -> A | I13: {=IF(NOT(ISBLANK(C13)),IFERROR(INDEX(Sheet2!A:A,MATCH(C13,Sheet2!G:G,0)),"A"),"")} -> A
A14: 10 | B14: Dhirenndra | C14: 1010 | D14: =(COUNTIF(E14:I14,"P")/COUNTA(E14:I14))*100 -> 20 | E14: {=IF(NOT(ISBLANK(C14)),IFERROR(INDEX(Sheet2!A:A,MATCH(C14,Sheet2!C:C,0)),"A"),"")} -> A | F14: {=IF(NOT(ISBLANK(C14)),IFERROR(INDEX(Sheet2!A:A,MATCH(C14,Sheet2!D:D,0)),"A"),"")} -> P | G14: {=IF(NOT(ISBLANK(C14)),IFERROR(INDEX(Sheet2!A:A,MATCH(C14,Sheet2!E:E,0)),"A"),"")} -> A | H14: {=IF(NOT(ISBLANK(C14)),IFERROR(INDEX(Sheet2!A:A,MATCH(C14,Sheet2!F:F,0)),"A"),"")} -> A | I14: {=IF(NOT(ISBLANK(C14)),IFERROR(INDEX(Sheet2!A:A,MATCH(C14,Sheet2!G:G,0)),"A"),"")} -> A
A15: 11 | B15: Surendra | C15: 1011 | D15: =(COUNTIF(E15:I15,"P")/COUNTA(E15:I15))*100 -> 20 | E15: {=IF(NOT(ISBLANK(C15)),IFERROR(INDEX(Sheet2!A:A,MATCH(C15,Sheet2!C:C,0)),"A"),"")} -> A | F15: {=IF(NOT(ISBLANK(C15)),IFERROR(INDEX(Sheet2!A:A,MATCH(C15,Sheet2!D:D,0)),"A"),"")} -> P | G15: {=IF(NOT(ISBLANK(C15)),IFERROR(INDEX(Sheet2!A:A,MATCH(C15,Sheet2!E:E,0)),"A"),"")} -> A | H15: {=IF(NOT(ISBLANK(C15)),IFERROR(INDEX(Sheet2!A:A,MATCH(C15,Sheet2!F:F,0)),"A"),"")} -> A | I15: {=IF(NOT(ISBLANK(C15)),IFERROR(INDEX(Sheet2!A:A,MATCH(C15,Sheet2!G:G,0)),"A"),"")} -> A
A16: 12 | B16: Pratap | C16: 1012 | D16: =(COUNTIF(E16:I16,"P")/COUNTA(E16:I16))*100 -> 20 | E16: {=IF(NOT(ISBLANK(C16)),IFERROR(INDEX(Sheet2!A:A,MATCH(C16,Sheet2!C:C,0)),"A"),"")} -> A | F16: {=IF(NOT(ISBLANK(C16)),IFERROR(INDEX(Sheet2!A:A,MATCH(C16,Sheet2!D:D,0)),"A"),"")} -> P | G16: {=IF(NOT(ISBLANK(C16)),IFERROR(INDEX(Sheet2!A:A,MATCH(C16,Sheet2!E:E,0)),"A"),"")} -> A | H16: {=IF(NOT(ISBLANK(C16)),IFERROR(INDEX(Sheet2!A:A,MATCH(C16,Sheet2!F:F,0)),"A"),"")} -> A | I16: {=IF(NOT(ISBLANK(C16)),IFERROR(INDEX(Sheet2!A:A,MATCH(C16,Sheet2!G:G,0)),"A"),"")} -> A
A17: 13 | B17: Ajay | C17: 1013 | D17: =(COUNTIF(E17:I17,"P")/COUNTA(E17:I17))*100 -> 60 | E17: {=IF(NOT(ISBLANK(C17)),IFERROR(INDEX(Sheet2!A:A,MATCH(C17,Sheet2!C:C,0)),"A"),"")} -> A | F17: {=IF(NOT(ISBLANK(C17)),IFERROR(INDEX(Sheet2!A:A,MATCH(C17,Sheet2!D:D,0)),"A"),"")} -> P | G17: {=IF(NOT(ISBLANK(C17)),IFERROR(INDEX(Sheet2!A:A,MATCH(C17,Sheet2!E:E,0)),"A"),"")} -> P | H17: {=IF(NOT(ISBLANK(C17)),IFERROR(INDEX(Sheet2!A:A,MATCH(C17,Sheet2!F:F,0)),"A"),"")} -> P | I17: {=IF(NOT(ISBLANK(C17)),IFERROR(INDEX(Sheet2!A:A,MATCH(C17,Sheet2!G:G,0)),"A"),"")} -> A
A18: 14 | B18: Vijay | C18: 1014 | D18: =(COUNTIF(E18:I18,"P")/COUNTA(E18:I18))*100 -> 20 | E18: {=IF(NOT(ISBLANK(C18)),IFERROR(INDEX(Sheet2!A:A,MATCH(C18,Sheet2!C:C,0)),"A"),"")} -> A | F18: {=IF(NOT(ISBLANK(C18)),IFERROR(INDEX(Sheet2!A:A,MATCH(C18,Sheet2!D:D,0)),"A"),"")} -> P | G18: {=IF(NOT(ISBLANK(C18)),IFERROR(INDEX(Sheet2!A:A,MATCH(C18,Sheet2!E:E,0)),"A"),"")} -> A | H18: {=IF(NOT(ISBLANK(C18)),IFERROR(INDEX(Sheet2!A:A,MATCH(C18,Sheet2!F:F,0)),"A"),"")} -> A | I18: {=IF(NOT(ISBLANK(C18)),IFERROR(INDEX(Sheet2!A:A,MATCH(C18,Sheet2!G:G,0)),"A"),"")} -> A
A19: 15 | B19: Sanjeev | C19: 1015 | D19: =(COUNTIF(E19:I19,"P")/COUNTA(E19:I19))*100 -> 40 | E19: {=IF(NOT(ISBLANK(C19)),IFERROR(INDEX(Sheet2!A:A,MATCH(C19,Sheet2!C:C,0)),"A"),"")} -> P | F19: {=IF(NOT(ISBLANK(C19)),IFERROR(INDEX(Sheet2!A:A,MATCH(C19,Sheet2!D:D,0)),"A"),"")} -> P | G19: {=IF(NOT(ISBLANK(C19)),IFERROR(INDEX(Sheet2!A:A,MATCH(C19,Sheet2!E:E,0)),"A"),"")} -> A | H19: {=IF(NOT(ISBLANK(C19)),IFERROR(INDEX(Sheet2!A:A,MATCH(C19,Sheet2!F:F,0)),"A"),"")} -> A | I19: {=IF(NOT(ISBLANK(C19)),IFERROR(INDEX(Sheet2!A:A,MATCH(C19,Sheet2!G:G,0)),"A"),"")} -> A
A20: 16 | B20: Rakesh | C20: 1016 | D20: =(COUNTIF(E20:I20,"P")/COUNTA(E20:I20))*100 -> 20 | E20: {=IF(NOT(ISBLANK(C20)),IFERROR(INDEX(Sheet2!A:A,MATCH(C20,Sheet2!C:C,0)),"A"),"")} -> A | F20: {=IF(NOT(ISBLANK(C20)),IFERROR(INDEX(Sheet2!A:A,MATCH(C20,Sheet2!D:D,0)),"A"),"")} -> P | G20: {=IF(NOT(ISBLANK(C20)),IFERROR(INDEX(Sheet2!A:A,MATCH(C20,Sheet2!E:E,0)),"A"),"")} -> A | H20: {=IF(NOT(ISBLANK(C20)),IFERROR(INDEX(Sheet2!A:A,MATCH(C20,Sheet2!F:F,0)),"A"),"")} -> A | I20: {=IF(NOT(ISBLANK(C20)),IFERROR(INDEX(Sheet2!A:A,MATCH(C20,Sheet2!G:G,0)),"A"),"")} -> A
A21: 17 | B21: Suresh | C21: 1017 | D21: =(COUNTIF(E21:I21,"P")/COUNTA(E21:I21))*100 -> 20 | E21: {=IF(NOT(ISBLANK(C21)),IFERROR(INDEX(Sheet2!A:A,MATCH(C21,Sheet2!C:C,0)),"A"),"")} -> A | F21: {=IF(NOT(ISBLANK(C21)),IFERROR(INDEX(Sheet2!A:A,MATCH(C21,Sheet2!D:D,0)),"A"),"")} -> P | G21: {=IF(NOT(ISBLANK(C21)),IFERROR(INDEX(Sheet2!A:A,MATCH(C21,Sheet2!E:E,0)),"A"),"")} -> A | H21: {=IF(NOT(ISBLANK(C21)),IFERROR(INDEX(Sheet2!A:A,MATCH(C21,Sheet2!F:F,0)),"A"),"")} -> A | I21: {=IF(NOT(ISBLANK(C21)),IFERROR(INDEX(Sheet2!A:A,MATCH(C21,Sheet2!G:G,0)),"A"),"")} -> A
A22: 18 | B22: Balak Ram | C22: 1018 | D22: =(COUNTIF(E22:I22,"P")/COUNTA(E22:I22))*100 -> 20 | E22: {=IF(NOT(ISBLANK(C22)),IFERROR(INDEX(Sheet2!A:A,MATCH(C22,Sheet2!C:C,0)),"A"),"")} -> A | F22: {=IF(NOT(ISBLANK(C22)),IFERROR(INDEX(Sheet2!A:A,MATCH(C22,Sheet2!D:D,0)),"A"),"")} -> P | G22: {=IF(NOT(ISBLANK(C22)),IFERROR(INDEX(Sheet2!A:A,MATCH(C22,Sheet2!E:E,0)),"A"),"")} -> A | H22: {=IF(NOT(ISBLANK(C22)),IFERROR(INDEX(Sheet2!A:A,MATCH(C22,Sheet2!F:F,0)),"A"),"")} -> A | I22: {=IF(NOT(ISBLANK(C22)),IFERROR(INDEX(Sheet2!A:A,MATCH(C22,Sheet2!G:G,0)),"A"),"")} -> A
A23: 19 | B23: Bhupendra | C23: 1019 | D23: =(COUNTIF(E23:I23,"P")/COUNTA(E23:I23))*100 -> 20 | E23: {=IF(NOT(ISBLANK(C23)),IFERROR(INDEX(Sheet2!A:A,MATCH(C23,Sheet2!C:C,0)),"A"),"")} -> A | F23: {=IF(NOT(ISBLANK(C23)),IFERROR(INDEX(Sheet2!A:A,MATCH(C23,Sheet2!D:D,0)),"A"),"")} -> P | G23: {=IF(NOT(ISBLANK(C23)),IFERROR(INDEX(Sheet2!A:A,MATCH(C23,Sheet2!E:E,0)),"A"),"")} -> A | H23: {=IF(NOT(ISBLANK(C23)),IFERROR(INDEX(Sheet2!A:A,MATCH(C23,Sheet2!F:F,0)),"A"),"")} -> A | I23: {=IF(NOT(ISBLANK(C23)),IFERROR(INDEX(Sheet2!A:A,MATCH(C23,Sheet2!G:G,0)),"A"),"")} -> A
A24: 20 | B24: Deepak | C24: 1020 | D24: =(COUNTIF(E24:I24,"P")/COUNTA(E24:I24))*100 -> 80 | E24: {=IF(NOT(ISBLANK(C24)),IFERROR(INDEX(Sheet2!A:A,MATCH(C24,Sheet2!C:C,0)),"A"),"")} -> P | F24: {=IF(NOT(ISBLANK(C24)),IFERROR(INDEX(Sheet2!A:A,MATCH(C24,Sheet2!D:D,0)),"A"),"")} -> P | G24: {=IF(NOT(ISBLANK(C24)),IFERROR(INDEX(Sheet2!A:A,MATCH(C24,Sheet2!E:E,0)),"A"),"")} -> P | H24: p | I24: {=IF(NOT(ISBLANK(C24)),IFERROR(INDEX(Sheet2!A:A,MATCH(C24,Sheet2!G:G,0)),"A"),"")} -> A

Sheet Sheet2
A1: P | B1: {=IF(NOT(ISBLANK(D1)),IFERROR(INDEX(Sheet1!B:B,MATCH(D1,Sheet1!C:C,0)),"No student found"),"")} -> Rahim | C1: 1005 | D1: 1005
A2: P | B2: {=IF(NOT(ISBLANK(D2)),IFERROR(INDEX(Sheet1!B:B,MATCH(D2,Sheet1!C:C,0)),"No student found"),"")} -> Rahul | C2: 1008 | D2: 1006
A3: P | B3: {=IF(NOT(ISBLANK(D3)),IFERROR(INDEX(Sheet1!B:B,MATCH(D3,Sheet1!C:C,0)),"No student found"),"")} -> Manish | C3: 1003 | D3: 1007 | E3: 1003 | F3: 1003 | G3: 1003
A4: P | B4: {=IF(NOT(ISBLANK(D4)),IFERROR(INDEX(Sheet1!B:B,MATCH(D4,Sheet1!C:C,0)),"No student found"),"")} -> Asif | D4: 1008
A5: P | B5: {=IF(NOT(ISBLANK(D5)),IFERROR(INDEX(Sheet1!B:B,MATCH(D5,Sheet1!C:C,0)),"No student found"),"")} -> Anand | D5: 1009
A6: P | B6: {=IF(NOT(ISBLANK(D6)),IFERROR(INDEX(Sheet1!B:B,MATCH(D6,Sheet1!C:C,0)),"No student found"),"")} -> Dhirenndra | D6: 1010
A7: P | B7: {=IF(NOT(ISBLANK(D7)),IFERROR(INDEX(Sheet1!B:B,MATCH(D7,Sheet1!C:C,0)),"No student found"),"")} -> Surendra | C7: 1002 | D7: 1011
A8: P | B8: {=IF(NOT(ISBLANK(D8)),IFERROR(INDEX(Sheet1!B:B,MATCH(D8,Sheet1!C:C,0)),"No student found"),"")} -> Pratap | D8: 1012
A9: P | B9: {=IF(NOT(ISBLANK(D9)),IFERROR(INDEX(Sheet1!B:B,MATCH(D9,Sheet1!C:C,0)),"No student found"),"")} -> Ajay | D9: 1013 | E9: 1013 | F9: 1013
A10: P | B10: {=IF(NOT(ISBLANK(D10)),IFERROR(INDEX(Sheet1!B:B,MATCH(D10,Sheet1!C:C,0)),"No student found"),"")} -> Vijay | C10: 1007 | D10: 1014
A11: P | B11: {=IF(NOT(ISBLANK(D11)),IFERROR(INDEX(Sheet1!B:B,MATCH(D11,Sheet1!C:C,0)),"No student found"),"")} -> Sanjeev | C11: 1015 | D11: 1015
A12: P | B12: {=IF(NOT(ISBLANK(D12)),IFERROR(INDEX(Sheet1!B:B,MATCH(D12,Sheet1!C:C,0)),"No student found"),"")} -> Rakesh | D12: 1016
A13: P | B13: {=IF(NOT(ISBLANK(D13)),IFERROR(INDEX(Sheet1!B:B,MATCH(D13,Sheet1!C:C,0)),"No student found"),"")} -> Suresh | D13: 1017
A14: P | B14: {=IF(NOT(ISBLANK(D14)),IFERROR(INDEX(Sheet1!B:B,MATCH(D14,Sheet1!C:C,0)),"No student found"),"")} -> Balak Ram | D14: 1018
A15: P | B15: {=IF(NOT(ISBLANK(D15)),IFERROR(INDEX(Sheet1!B:B,MATCH(D15,Sheet1!C:C,0)),"No student found"),"")} -> Bhupendra | D15: 1019
A16: P | B16: {=IF(NOT(ISBLANK(D16)),IFERROR(INDEX(Sheet1!B:B,MATCH(D16,Sheet1!C:C,0)),"No student found"),"")} -> Deepak | C16: 1002 | D16: 1020
A17: P | B17: {=IF(NOT(ISBLANK(D17)),IFERROR(INDEX(Sheet1!B:B,MATCH(D17,Sheet1!C:C,0)),"No student found"),"")} -> No student found | D17: 1021
A18: P | B18: {=IF(NOT(ISBLANK(D18)),IFERROR(INDEX(Sheet1!B:B,MATCH(D18,Sheet1!C:C,0)),"No student found"),"")} -> No student found | D18: 1022
A19: P | B19: {=IF(NOT(ISBLANK(D19)),IFERROR(INDEX(Sheet1!B:B,MATCH(D19,Sheet1!C:C,0)),"No student found"),"")} -> No student found | D19: 1023
A20: P | B20: {=IF(NOT(ISBLANK(D20)),IFERROR(INDEX(Sheet1!B:B,MATCH(D20,Sheet1!C:C,0)),"No student found"),"")} -> No student found | C20: 1020 | D20: 1024 | E20: 1020
A21: P | B21: {=IF(NOT(ISBLANK(C21)),IFERROR(INDEX(Sheet1!B:B,MATCH(C21,Sheet1!C:C,0)),"No student found"),"")}
A22: P | B22: {=IF(NOT(ISBLANK(C22)),IFERROR(INDEX(Sheet1!B:B,MATCH(C22,Sheet1!C:C,0)),"No student found"),"")}
A23: P | B23: {=IF(NOT(ISBLANK(C23)),IFERROR(INDEX(Sheet1!B:B,MATCH(C23,Sheet1!C:C,0)),"No student found"),"")}
A24: P | B24: {=IF(NOT(ISBLANK(C24)),IFERROR(INDEX(Sheet1!B:B,MATCH(C24,Sheet1!C:C,0)),"No student found"),"")}
A25: P | B25: {=IF(NOT(ISBLANK(C25)),IFERROR(INDEX(Sheet1!B:B,MATCH(C25,Sheet1!C:C,0)),"No student found"),"")}
A26: P | B26: {=IF(NOT(ISBLANK(C26)),IFERROR(INDEX(Sheet1!B:B,MATCH(C26,Sheet1!C:C,0)),"No student found"),"")} | D26: 1004
A27: P | B27: {=IF(NOT(ISBLANK(C27)),IFERROR(INDEX(Sheet1!B:B,MATCH(C27,Sheet1!C:C,0)),"No student found"),"")}
A28: P | B28: {=IF(NOT(ISBLANK(C28)),IFERROR(INDEX(Sheet1!B:B,MATCH(C28,Sheet1!C:C,0)),"No student found"),"")}
A29: P | B29: {=IF(NOT(ISBLANK(C29)),IFERROR(INDEX(Sheet1!B:B,MATCH(C29,Sheet1!C:C,0)),"No student found"),"")}
A30: P | B30: {=IF(NOT(ISBLANK(C30)),IFERROR(INDEX(Sheet1!B:B,MATCH(C30,Sheet1!C:C,0)),"No student found"),"")}
A31: P | B31: {=IF(NOT(ISBLANK(C31)),IFERROR(INDEX(Sheet1!B:B,MATCH(C31,Sheet1!C:C,0)),"No student found"),"")}
A32: P | B32: {=IF(NOT(ISBLANK(C32)),IFERROR(INDEX(Sheet1!B:B,MATCH(C32,Sheet1!C:C,0)),"No student found"),"")}
A33: P | B33: {=IF(NOT(ISBLANK(C33)),IFERROR(INDEX(Sheet1!B:B,MATCH(C33,Sheet1!C:C,0)),"No student found"),"")}
A34: P | B34: {=IF(NOT(ISBLANK(C34)),IFERROR(INDEX(Sheet1!B:B,MATCH(C34,Sheet1!C:C,0)),"No student found"),"")}
A35: P | B35: {=IF(NOT(ISBLANK(C35)),IFERROR(INDEX(Sheet1!B:B,MATCH(C35,Sheet1!C:C,0)),"No student found"),"")}
A36: P | B36: {=IF(NOT(ISBLANK(C36)),IFERROR(INDEX(Sheet1!B:B,MATCH(C36,Sheet1!C:C,0)),"No student found"),"")}
A37: P | B37: {=IF(NOT(ISBLANK(C37)),IFERROR(INDEX(Sheet1!B:B,MATCH(C37,Sheet1!C:C,0)),"No student found"),"")}
A38: P | B38: {=IF(NOT(ISBLANK(C38)),IFERROR(INDEX(Sheet1!B:B,MATCH(C38,Sheet1!C:C,0)),"No student found"),"")}
... A111: P | B111: {=IF(NOT(ISBLANK(C111)),IFERROR(INDEX(Sheet1!B:B,MATCH(C111,Sheet1!C:C,0)),"No student found"),"")}

Sheet Sheet3
A1: P | B1: {=IF(NOT(ISBLANK(D1)),IFERROR(INDEX(Sheet1!B:B,MATCH(C1,Sheet1!C:C,0)),"No student found"),"")} -> No student found | D1: 1001
A2: P | B2: {=IF(NOT(ISBLANK(D2)),IFERROR(INDEX(Sheet1!B:B,MATCH(D2,Sheet1!D:D,0)),"No student found"),"")} -> No student found | C2: 1002 | D2: 1003
A3: P | B3: {=IF(NOT(ISBLANK(D3)),IFERROR(INDEX(Sheet1!B:B,MATCH(D3,Sheet1!D:D,0)),"No student found"),"")} -> No student found | D3: 1002
A4: P | B4: {=IF(NOT(ISBLANK(D4)),IFERROR(INDEX(Sheet1!B:B,MATCH(D4,Sheet1!D:D,0)),"No student found"),"")}
A5: P | B5: {=IF(NOT(ISBLANK(D5)),IFERROR(INDEX(Sheet1!B:B,MATCH(D5,Sheet1!D:D,0)),"No student found"),"")} -> No student found | D5: 10017
A6: P | B6: {=IF(NOT(ISBLANK(D6)),IFERROR(INDEX(Sheet1!B:B,MATCH(D6,Sheet1!D:D,0)),"No student found"),"")} | C6: 1003
A7: P | B7: {=IF(NOT(ISBLANK(D7)),IFERROR(INDEX(Sheet1!B:B,MATCH(D7,Sheet1!D:D,0)),"No student found"),"")}
A8: P | B8: {=IF(NOT(ISBLANK(D8)),IFERROR(INDEX(Sheet1!B:B,MATCH(D8,Sheet1!D:D,0)),"No student found"),"")}
A9: P | B9: {=IF(NOT(ISBLANK(D9)),IFERROR(INDEX(Sheet1!B:B,MATCH(D9,Sheet1!D:D,0)),"No student found"),"")} | C9: 1007
A10: P | B10: {=IF(NOT(ISBLANK(D10)),IFERROR(INDEX(Sheet1!B:B,MATCH(D10,Sheet1!D:D,0)),"No student found"),"")}
A11: P | B11: {=IF(NOT(ISBLANK(D11)),IFERROR(INDEX(Sheet1!B:B,MATCH(D11,Sheet1!D:D,0)),"No student found"),"")}
A12: P | B12: {=IF(NOT(ISBLANK(D12)),IFERROR(INDEX(Sheet1!B:B,MATCH(D12,Sheet1!D:D,0)),"No student found"),"")}
A13: P | B13: {=IF(NOT(ISBLANK(D13)),IFERROR(INDEX(Sheet1!B:B,MATCH(D13,Sheet1!D:D,0)),"No student found"),"")}
A14: P | B14: {=IF(NOT(ISBLANK(D14)),IFERROR(INDEX(Sheet1!B:B,MATCH(D14,Sheet1!D:D,0)),"No student found"),"")}
A15: P | B15: {=IF(NOT(ISBLANK(D15)),IFERROR(INDEX(Sheet1!B:B,MATCH(D15,Sheet1!D:D,0)),"No student found"),"")}
A16: P | B16: {=IF(NOT(ISBLANK(D16)),IFERROR(INDEX(Sheet1!B:B,MATCH(D16,Sheet1!D:D,0)),"No student found"),"")}
A17: P | B17: {=IF(NOT(ISBLANK(D17)),IFERROR(INDEX(Sheet1!B:B,MATCH(D17,Sheet1!D:D,0)),"No student found"),"")}
A18: P | B18: {=IF(NOT(ISBLANK(D18)),IFERROR(INDEX(Sheet1!B:B,MATCH(D18,Sheet1!D:D,0)),"No student found"),"")}
A19: P | B19: {=IF(NOT(ISBLANK(D19)),IFERROR(INDEX(Sheet1!B:B,MATCH(D19,Sheet1!D:D,0)),"No student found"),"")}
A20: P | B20: {=IF(NOT(ISBLANK(D20)),IFERROR(INDEX(Sheet1!B:B,MATCH(D20,Sheet1!D:D,0)),"No student found"),"")}

Sheet Sheet4
